Artist,Title,Year (Approximate),Movement,Total Height (cm),Total Width (cm),Total Height (in),Total Width (in),Media,Location,"City, State",Country,Date of Birth,Date of Death,Image
Georges Seurat,A Sunday Afternoon on the Island of La Grande Jatte,1886,"Post-Impressionist, Neo-Impressionist, Pointillist",207.60,308.00,81.73,121.26,oil paint,Art Institute of Chicago,"Chicago, IL",USA,12/2/1859,3/29/1891,Images\A Sunday Afternoon on the Island of La Grande Jatte.jpg
Giacomo Balla,Abstract Speed and Sound,1914,Futurism,54.61,76.52,21.50,30.13,oil paint,Guggenheim Museum,"Manhattan, NY",USA,7/18/1871,3/1/1958,Images\Abstract Speed and Sound.jpg
Lucas Cranach the Elder,Adam and Eve in Paradise,1531,German Renaissance,50.40,35.50,19.84,13.98,oil paint,Gemäldegalerie,Berlin,Germany,10/4/1472,10/16/1553,Images\Adam and Eve in Paradise.jpg
Hugo van der Goes,Adoration of the Kings,1470,Northern Renaissance,147.00,242.00,57.87,95.28,oil paint,Gemaldegalerie,Berlin,Germany,1440,1483,Images\Adoration of the Kings.jpg
Grant Wood,American Gothic,1930,Regionalist,74.30,62.40,29.25,24.57,oil paint,Art Institute of Chicago,"Chicago, IL",USA,2/13/1891,2/12/1942,Images\American Gothic.jpg
Kazimir Malevich,An Englishman in Moscow,1914,Suprematist,88.00,57.00,34.65,22.44,oil paint,Stedelijk Museum,Amsterdam,Netherlands,2/23/1879,5/15/1935,Images\An Englishman in Moscow.jpg
Joseph Wright of Derby,An Experiment on a Bird in the Air Pump,1768,,183.00,244.00,72.05,96.06,oil paint,National Gallery,"London, England",United Kingdom,9/3/1734,8/29/1797,Images\An Experiment on a Bird in the Air Pump.jpg
Piet Mondrian,Apple Tree in Bloom,1912,De Stijl,78.50,107.50,30.91,42.32,oil paint,Gemeentemuseum Den Haag,The Hague,Netherlands,3/7/1872,2/1/1944,Images\Apple Tree in Bloom.jpg
Edvard Munch,Ashes,1894,Expressionist,120.50,141.00,47.44,55.51,oil paint,National Gallery,Oslo,Norway,12/12/1863,1/23/1944,Images\Ashes.jpg
Jean Metzinger,At the Cycle-Race Track,1914,"Neo-Impresionist, Divisionist, Fauvist, Cubist",130.40,97.10,51.34,38.23,oil paint and collage,Peggy Guggenheim Collection,Venice,Italy,,,Images\At the Cycle-Race Track.jpg
Max Ernst,Attirement of the Bride,1939,"Dada, Surrealist",129.60,96.30,51.02,37.91,oil paint,Peggy Guggenheim Collection,Venice,Italy,4/2/1891,4/1/1976,Images\Attirement of the Bride.jpg
Jackson Pollock,Autumn Rhythm,1950,Abstract Expressionist,105.00,207.00,41.34,81.50,enamel,Metropolitan Museum of Art,"New York City, NY",USA,1/28/1912,8/11/1956,Images\Autumn Rhythm.jpg
Titian,Bacchanal of the Andrians,1524,High Renaissance,175.00,193.00,68.90,75.98,oil paint,Museo del Prado,Madrid,Spain,1488,8/27/1576,Images\Bacchanal of the Andrians.jpg
Jacopo Tintoretto,"Bacchus, Venus and Ariadne",1576,Renaissance,146.00,167.00,57.48,65.75,oil paint,Palazzo Ducale,Venice,Italy,9/29/1518,5/31/1594,"Images\Bacchus, Venus and Ariadne.jpg"
Oskar Schlemmer,Banister Scene I,1931,Bauhaus,,,0.00,0.00,watercolor,"Forberg Collection, Albertina",Vienna,Austria,11/4/1888,4/13/1943,Images\Banister Scene I.jpg
Joachim Patinir,Baptism of Christ,1515,Northern Renaissance,59.50,77.00,23.43,30.31,oil paint,Kunthistorisches Museum,Vienna,Austria,1480,10/5/1524,Images\Baptism of Christ.jpg
Henri Matisse,Bathers by a River,1917,Cubist,260.00,390.00,102.36,153.54,oil paint,Art Institute of Chicago,"Chicago, IL",USA,12/31/1869,11/3/1954,Images\Bathers by a River.jpg
Sebastiano Ricci,Bathsheba in her Bath,1720,Baroque,118.50,199.00,46.65,78.35,oil paint,Szépmuveszeti Muzeum,Budapest,Hungary,8/1/1659,5/15/1734,Images\Bathsheba in her Bath.jpg
Morris Louis,Beta Kappa,1961,"Abstract Expressionist, Color Field",262.30,439.40,103.27,172.99,acrylic paint,National Gallery of Art,"Washington, D.C.",USA,11/28/1912,11/7/1962,Images\Beta Kappa.jpg
Lyonel Feininger,Bird Cloud,1926,Expressionist,43.80,71.10,17.24,27.99,oil paint,Harvard Art Museum,"Cambridge, MA",USA,7/17/1871,1/13/1956,Images\Bird Cloud.jpg
Henri Matisse,Blue Nude II,1907,Fauvist,116.20,88.90,45.75,35.00,gouache-painted paper,Pompidou Centre,Paris,France,12/31/1869,11/3/1954,Images\Blue Nude II.jpg
Juan Gris,Breakfast,1915,Cubist,92.00,73.00,36.22,28.74,oil paint and charcoal,Musée National d'Art Moderne,Paris,France,3/3/1887,5/11/1927,Images\Breakfast.jpg
Franz Kline,C & O,1958,Abstract Expressionist,195.60,279.40,77.01,110.00,oil paint,National Gallery of Art,"Washington, D.C.",USA,5/23/1910,5/13/1962,Images\C & O.jpg
Vincent van Gogh,Café Terrace at Night,1888,Post-Impressionist,81.00,65.50,31.89,25.79,oil paint,Kröller-Müller Museum,Otterlo,Netherlands,3/30/1853,7/29/1890,Images\Cafe Terrace at Night.jpg
Robert Delaunay,Champs de Mars,1911,"Orphist, Cubist, Expressionist",160.70,128.60,63.27,50.63,oil paint,Art Institute of Chicago,"Chicago, IL",USA,4/12/1885,10/25/1941,Images\Champs de Mars.jpg
Andrew Wyeth,Christina's World,1948,Realist,81.90,121.30,32.24,47.76,tempera,Museum of Modern Art,"New York City, NY",USA,7/12/1917,1/16/2009,Images\Christina's World.jpg
Dong Qichang,Clear Weather in the Valley,1150,,37.50,150.80,14.76,59.37,ink and color,Museum of Fine Arts,"Boston, MA",USA,1555,1640,Images\Clear Weather in the Valley.jpg
Lucio Fontana,Concetto Spaziale,1957,Spatialist,48.30,68.00,19.02,26.77,gouache and graphite,Private Collection,,,2/19/1899,11/7/1968,Images\Concetto Spaziale.jpg
Matthias Grünewald,Crucifixion from the Isenheim Altarpiece,1515,German Renaissance,336.00,589.00,132.28,231.89,oil paint,Musée d'Unterlinden,Colmar,France,1470,8/31/1528,Images\Crucifixion from the Isenheim Altarpiece.jpg
Hannah Höch,Cut with the Kitchen Knife through the Beer-Belly of the Weimar Republic,1919,Dada,90.00,144.00,35.43,56.69,collage,Staatliche Museen,Berlin,Germany,11/1/1889,5/31/1978,Images\Cut with the Kitchen Knife through the Beer-Belly of the Weimar Republic.jpg
Hans Baldung Grien,Death and the Maiden,1517,Mannerist,30.30,14.70,11.93,5.79,varnished tempera,Kunstmuseum Basel,Basel,Switzerland,c. 1484,1545,Images\Death and the Maiden.jpg
Titian,Diana and Callisto,1559,High Renaissance,187.00,204.50,73.62,80.51,oil paint,National Gallery,"London, England",United Kingdom,1488,8/27/1576,Images\Diana and Callisto.jpg
Paul Nash,Landscape from a Dream,1938,Surrealist,67.90,101.60,26.73,40.00,oil paint,Hamburger Kunsthalle,Hamburg,Germany,5/11/1889,7/11/1946,Images\Landscape from a Dream.jpg
Joan Miró,Dutch Interior I,1928,"Surrealism, Dada",91.80,73.00,36.14,28.74,oil paint,Museum of Modern Art,"New York City, NY",USA,4/20/1893,12/25/1983,Images\Dutch Interior I.jpg
Sonia Delaunay-Terk,Electric Prisms,1914,Orphist,250.00,250.00,98.43,98.43,oil paint,Centre Pompidou,Paris,France,11/14/1885,12/5/1979,Images\Electric Prisms.jpg
Giuseppe Arcimboldo ,Fire,1566,,67.00,51.00,26.38,20.08,oil paint,Kunsthistorisches Museum,"Gemäldegalerie, Vienna",Austria,1527,1593,Images\Fire.jpg
Ernst Ludwig Kirchner,Five Women on the Street,1913,Expressionist,48.50,37.00,19.09,14.57,wood cut,National Gallery of Art,"Washington, D.C.",USA,5/6/1880,6/15/1938,Images\Five Women on the Street.jpg
"Jasper Johns, Jr.",Flag,1955,"Abstract Expressionist, Neo-Dada, Pop Art",107.32,153.87,42.25,60.58,"encaustic, oil paint, and collage on fabric",Museum of Modern Art,"New York City, NY",USA,5/15/1930,,Images\Flag.jpg
Otto Dix,Flanders,1936,Neue Sachlichkeit,198.12,248.92,78.00,98.00,,"Nationalgalerie, Staatliche Museen zu Berlin",Berlin,Germany,12/2/1891,7/25/1969,Images\Flanders.jpg
Jan Matsys,Flora,1559,,113.20,112.90,44.57,44.45,oil paint,Hamburger Kunsthalle,Hamburg,Germany,1509,10/81575,Images\Flora.jpg
Roy Lichtenstein,Girl with Hair Ribbon,1965,Pop Artist,121.90,121.90,47.99,47.99,oil paint and magna,Museum of Contemporary Art,Tokyo,Japan,10/27/1923,11/29/1997,Images\Girl with Hair Ribbon.jpg
Pablo Picasso,Guernica,1937,Cubism,349.00,776.00,137.40,305.51,oil paint,Museo Reina Sofia,Madrid,Spain,10/25/1881,4/8/1973,Images\Guernica.jpg
Josef Albers,Homage to the Square,1965,Geometric abstraction,61.00,61.00,24.02,24.02,acrylic paint,Detroit Institute of Arts,"Detroit, MI",USA,3/19/1888,3/25/1976,Images\Homage to the Square.jpg
Marc Chagall,I and the Village,1911,"Surrealist, Expressionist",192.10,151.40,75.63,59.61,oil paint,Museum of Modern Art,"New York City, NY",USA,7/7/1887,3/28/1985,Images\I and the Village.jpg
Emilio Vedova,Image of Time (Barrier),1951,Italian Modernist,130.50,170.40,51.38,67.09,tempera,Peggy Guggenheim Collection,Venice,Italy,8/9/1919,10/25/2006,Images\Image of Time (Barrier).jpg
Wassily Kandinsky,Improvisation 6 (African),1910,"Expressionist, Abstract Artist",107.00,99.50,42.13,39.17,oil paint,Städtische Galerie im Lenbachhaus,Munich,Germany,12/16/1866,12/13/1944,Images\Improvisation 6 (African).jpg
Pieter Saenredam,Interior of Grote Kerk in Haarlem,1637,Dutch Golden Age,,,0.00,0.00,oil paint,National Gallery,"London, England",United Kingdom,6/9/1597,5/31/1665,Images\Interior of Grote Kerk in Haarlem.jpg
Georgia O'Keeffe,Jack-in-the-Pulpit No. IV,1930,American Modernist,101.60,76.20,40.00,30.00,oil paint,"Alfred Stieglitz Collection, Carl Van Vechten Gallery","Nashville, TN",USA,1/15/1887,3/6/1986,Images\Jack-in-the-Pulpit No. IV.jpg
Geertgen tot Sint Jans,John the Baptist in the Wilderness,1490,Early Netherlandish Renaissance,42.00,28.00,16.54,11.02,oil paint,Museum Gemäldegalerie der Staatlichen Museen,Munich,Germany,1465,1495,Images\John the Baptist in the Wilderness.jpg
William Turner,"La Dogana and Santa Maria della Salute, Venice",1843,Romantic,62.00,93.00,24.41,36.61,oil paint,National Gallery of Art,"Washington, D.C.",USA,4/23/1775,12/19/1851,"Images\La Dogana and Santa Maria della Salute, Venice.jpg"
Paul Cézanne,La Montagne Sainte-Victoire,1887,Post-Impressionist,67.00,92.00,26.38,36.22,oil paint,"Courtauld Institute of Art, University of London","London, England",United Kingdom,1/19/1839,1022/1906,Images\La Montagne Sainte-Victoire.jpg
Pablo Picasso,La Vie,1904,Cubism,169.50,129.20,66.73,50.87,,Cleveland Museum of Art,"Cleveland, OH",USA,10/25/1881,4/8/1973,Images\La Vie.jpg
Pieter Bruegel the Elder,Landscape with the Fall of Icarus,1550,Dutch and Flemish Renaissance,73.50,112.00,28.94,44.09,oil paint,Royal Museums of Fine Arts of Beligum,Brussels,Belgium,1525,9/9/1569,Images\Landscape with the Fall of Icarus.jpg
Diego Velázquez,Las Meninas,1656,Baroque,318.00,276.00,125.20,108.66,oil paint,Museo del Prado,Madrid,Spain,6/6/1599,8/6/1660,Images\Las Meninas.jpg
Correggio,Leda and the Swan,1530,"High Renaissance, Mannerist",152.00,191.00,59.84,75.20,oil paint,Staatliche Museen,Berlin,Germany,1489,3/5/1534,Images\Leda and the Swan.jpg
László Moholy-Nagy,LIS,1922,Constructivist,131.00,100.00,51.57,39.37,oil paint,Kunsthaus Zürich,Zürich,Austria,7/20/1895,11/24/1946,Images\LIS.jpg
Auguste Renoir,Luncheon of the Boating Party,1881,French Impressionist,129.90,172.70,51.14,67.99,oil paint,Phillips Collections,"Washington, D.C.",USA,2/25/1841,12/3/1919,Images\Luncheon of the Boating Party.jpg
Raphael,Madonna del Prato,1506,High Renaissance,113.00,88.00,44.49,34.65,oil paint,Kunthistorisches Museum,Vienna,Austria,4/6/1483,4/6/1520,Images\Madonna del Prato.jpg
Stefan Lochner,Madonna in the Rose Bower,1448,Late Gothic,51.00,40.00,20.08,15.75,,Wallraf-Richartz Museum,Cologne,Germany,1400,1452,Images\Madonna in the Rose Bower.jpg
Paul Gauguin,Mahana no atua (Day of the Gods),1894,Post-Impressionist,66.00,87.00,25.98,34.25,oil paint,Art Institute of Chicago,"Chicago, IL",USA,6/7/1848,5/8/1903,Images\Mahana no atua (Day of the Gods).jpg
François Boucher,Marie-Louise O'Murphey,1751,Rococo,59.00,73.00,23.23,28.74,oil paint,Wallraf-Richartz Museum,Cologne,Germany,9/29/1703,5/30/1770,Images\Marie-Louise O'Murphey.jpg
Thomas Eakins,Max Schmitt in a Single Scull,1871,Realist,82.60,117.50,32.52,46.26,oil paint,Metropolitan Museum of Art,"New York City, NY",USA,7/25/1844,7/25/1916,Images\Max Schmitt in a Single Scull.jpg
Karl Friedrich Schinkel,Medieval City on a River,1815,,,,0.00,0.00,oil paint,"Nationalgalerie, Staatliche Museen",Berlin,Germany,3/13/1781,10/9/1841,Images\Medieval City on a River.jpg
Alexej von Jawlensky,Meditation,1934,Russian Expressionist,17.10,13.90,6.73,5.47,oil paint,Christie's Auction House,"New York City, NY",USA,3/13/1864,3/15/1941,Images\Meditation.jpg
Peter Paul Rubens,Mercury and Argus,1638,Baroque,63.00,87.50,24.80,34.45,oil paint,Gemaldegalerie Alte Meister,Dresden,Germany,6/28/1577,5/30/1640,Images\Mercury and Argus.jpg
Kurt Schwitters,"Merzbild 25A, Constellation",1920,Merz,104.50,79.00,41.14,31.10,"collage, oil paint",Kunstsammlung Nordrhein-Westfalen,Dusseldorf,Germany,6/20/1887,1/8/1948,"Images\Merzbild 25A, Constellation.jpg"
Vittore Carpaccio,Miracle of the Relic of the Cross at the Ponte di Rialto,1496,,365.00,389.00,143.70,153.15,tempera,Gallerie dell'Accademia,Venice,Italy,1465,1526,Images\Miracle of the Relic of the Cross at the Ponte di Rialto.jpg
Wolf Vostell,Miss America,1968,"Video Artist, Installation, Happening, Fluxus",200.00,120.00,78.74,47.24,"screen photography, transparent paint, silkscreen",Museum Ludwig,Cologne,Germany,10/14/1932,4/3/1998,Images\Miss America.jpg
Egon Schiele,Mother with Two Children,1917,Expressionist,150.00,160.00,59.06,62.99,oil paint,Osterreichische Galerie Belvedere,Vienna,Austria,6/12/1890,10/31/1918,Images\Mother with Two Children.jpg
Helen Frankenthaler,Mountains and Sea,1952,Abstract Expressionist,220.00,297.80,86.61,117.24,oil paint and charcoal,National Gallery of Art,"Washington, D.C.",USA,12/12/1928,12/27/2011,Images\Mountains and Sea.jpg
Thomas Gainsborough,Mr and Mrs Andrews,1749,,69.08,119.04,27.20,46.87,oil paint,National Gallery,"London, England",United Kingdom,5/14/1727,8/2/1788,Images\Mr and Mrs Andrews.jpg
Edward Hopper,Nighthawks,1942,American Realist,84.10,152.40,33.11,60.00,oil paint,Art Institute of Chicago,"Chicago, IL",USA,7/22/1882,5/15/1967,Images\Nighthawks.jpg
James McNeill Whistler,Nocturne in Black and Gold - The Falling Rocket,1877,Tonalist,60.30,46.60,23.74,18.35,oil paint,Detroit Institute of Arts,"Detroit, MI",USA,7/11/1834,7/17/1903,Images\Nocturne in Black and Gold - The Falling Rocket.jpg
Édouard Manet,Olympia,1863,"Realist, Impressionist",130.50,190.00,51.38,74.80,oil paint,Musée d'Orsay,Paris,France,1/23/1832,4/30/1883,Images\Olympia.jpg
Arshile Gorky,One Year the Milkweed,1944,Abstract Expressionist,94.20,119.30,37.09,46.97,oil paint,National Gallery of Art,"Washington, D.C.",USA,4/15/1904,7/21/1948,Images\One Year the Milkweed.jpg
John Everett Millais,Ophelia,1852,Pre-Raphaelite,76.20,111.80,30.00,44.02,oil paint,Tate Britain,"London, England",United Kingdom,6/8/1829,8/13/1896,Images\Ophelia.jpg
Gustave Caillebotte,"Paris Street, Rainy Day",1877,Impressionist,212.20,276.00,83.54,108.66,oil paint,Art Institute of Chicago,"Chicago, IL",USA,8/19/1848,2/21/1894,"Images\Paris Street, Rainy Day.jpg"
Louis or Antoine Le Nain,Peasant Family,1645,,113.30,159.50,44.61,62.80,oil paint,Louvre Museum,Paris,France,1593 or 1599,1648,Images\Peasant Family.jpg
Antoine Watteau,Pilgrimage on the Isle of Cythera,1717,Rococo,129.00,194.00,50.79,76.38,oil piant,Louvre Museum,Paris,France,10/10/1684,7/18/1721,Images\Pilgrimage on the Isle of Cythera.jpg
Luca Signorelli,Portrait of a Man,1492,Italian Renaissance,50.00,32.00,19.69,12.60,tempera,Gemäldegalerie,Berlin,Germany,1445,10/16/1523,Images\Portrait of a Man.jpg
Albrecht Dürer,Portrait of a Young Venetian Woman,1505,Northern Renaissance,35.00,26.00,13.78,10.24,oil paint,Kunsthistorisches Museum,Vienna,Austria,5/21/1471,4/6/1528,Images\Portrait of a Young Venetian Woman.jpg
Alberto Giacometti,Portrait of Jean Genet,1955,"Surrealist, Expressionist, Cubist, Formalist",73.00,60.00,28.74,23.62,oil paint,Musée National d'Art Moderne,Paris,France,10/10/1901,1/11/1966,Images\Portrait of Jean Genet.jpg
Hyacinthe Rigaud,Portrait of Louis XIV,1701,Baroque,277.00,194.00,109.06,76.38,oil paint,Louvre Museum,Paris,France,7/18/1659,12/29/1743,Images\Portrait of Louis XIV.jpg
Diego Velázquez,Prince Balthasar Carlos on Horseback,1635,Baroque,173.00,209.00,68.11,82.28,oil paint,Museo del Prado,Madrid,Spain,6/6/1599,8/6/1660,Images\Prince Balthasar Carlos on Horseback.jpg
Niklaus Manuel,Pyramus and Thisbe,1520,Northern Renaissance,151.50,161.00,59.65,63.39,tempera,Kunstmuseum Basel,Basel,Switzerland,1484,4/28/1530,Images\Pyramus and Thisbe.jpg
Kangra-School,Radha and Krishna in the Grove,1780,,12.30,17.20,4.84,6.77,watercolor,Victoria & Albert Museum,"London, England",United Kingdom,,,Images\Radha and Krishna in the Grove.jpg
Erich Heckel,Reclining Woman,1913,Expressionist,18.10,10.70,7.13,4.21,wood cut,von Zezschwitz (for sale),Munich,Germany,7/31/1883,1/27/1970,Images\Reclining Woman.jpg
Mark Rothko,"Red, Brown and Black",1958,Abstract Expressionist,270.80,297.80,106.61,117.24,oil paint,Museum of Modern Art,"New York City, NY",USA,11/25/1903,2/25/1970,"Images\Red, Brown and Black.jpg"
Ilya Repin,Reply of the Zaporozhian Cossacks to Sultan Mehmed IV of Turkey,1891,Realist,203.00,358.00,79.92,140.94,,State Russian Museum,Saint Petersburg,Russia,8/5/1844,9/29/1930,Images\Reply of the Zaporozhian Cossacks to Sultan Mehmed IV of Turkey.jpg
Piero della Francesca,Resurrection of Christ,1460,Italian Renaissance,225.00,200.00,88.58,78.74,fresco,Museo Civico,"Sansepolcro, Tuscany",Italy,1415,10/12/1492,Images\Resurrection of Christ.jpg
Antonio Canaletto,Return of the Bucintoro to the Molo on Ascension Day,1732,,77.00,126.00,30.31,49.61,oil paint,"Royal Collection, Windsor Castle","London, England",United Kingdom,10/28/1697,4/19/1768,Images\Return of the Bucintoro to the Molo on Ascension Day.jpg
Annibale Carracci,River Landscape,1595,Baroque,88.30,148.10,34.76,58.31,oil paint,"Samuel H. Kress Collection, National Gallery of Art","Washington, D.C.",USA,11/3/1560,7/15/1609,Images\River Landscape.jpg
Marcel Duchamp,Sad Young Man in a Train,1911,"Dada, Surrealist",100.00,73.00,39.37,28.74,oil paint,Peggy Guggenheim Collection,Venice,Italy,7/28/1887,10/2/1968,Images\Sad Young Man in a Train.jpg
Rogier van der Weyden,Saint Johns Altarpiece,1460,Northern Renaissance,77.00,144.00,30.31,56.69,oil paint,Gemaldegalerie,Berlin,Germany,1399,6/18/1464,Images\Saint Johns Altarpiece.jpg
John Constable,Salisbury Cathedral from the Bishop's Grounds,1823,English Romantic,87.60,111.80,34.49,44.02,oil paint,The Frick Collection,"Manhattan, NY",USA,6/11/1776,3/31/1837,Images\Salisbury Cathedral from the Bishop's Grounds.jpg
Anthony van Dyck,Samson and Delilah,1630,Baroque,148.00,257.00,58.27,101.18,oil paint,Kunsthistorisches Museum,Vienna,Austria,3/22/1599,12/9/1641,Images\Samson and Delilah.jpg
Rembrandt,Self-Portrait as the Apostle Paul,1661,"Dutch Golden Age, Baroque",91.00,77.00,35.83,30.31,oil paint,Rijksmuseum,Amsterdam,Netherlands,7/15/1606,10/4/1669,Images\Self-Portrait as the Apostle Paul.jpg
Élisabeth Vigée-Lebrun,Self-Portrait in a Turban with Julie,1786,"Rococo, Neoclassicist",105.00,84.00,41.34,33.07,oil paint,Louvre Museum,Paris,France,4/16/1755,3/30/1842,Images\Self-Portrait in a Turban with Julie.jpg
Lovis Corinth,Self-Portrait in Front of the Easel,1914,"Impressionist, Expressionist",57.00,73.00,22.44,28.74,,Neue Pinakothe,Munich,Germany,7/21/1858,7/17/1925,Images\Self-Portrait in Front of the Easel.jpg
Vincent van Gogh,Self-Portrait with Bandaged Ear,1889,Post-Impressionist,51.00,45.00,20.08,17.72,oil paint,Mr. and Mrs. Leigh B. Block,"Chicago, IL",USA,3/30/1853,7/29/1890,Images\Self-Portrait with Bandaged Ear.jpg
James Ensor,Self-Portrait with Masks,1899,"Expressionist, Surrealist",120.00,80.00,47.24,31.50,oil paint,Menard Art Museum,Komaki City,Japan,4/13/1860,1/19/1949,Images\Self-Portrait with Masks.jpg
Albrecht Dürer,Self-Portrait,1500,Northern Renaissance,67.10,48.70,26.42,19.17,oil paint,Alte Pinakothek,Munich,Germany,5/21/1471,4/6/1528,Images\Self-Portrait.jpg
Nicolas Poussin,Sleeping Venus and Cupid,1630,"Classicist, Baroque",71.00,96.00,27.95,37.80,oil paint,Gemaeldegalerie Alte Meister,Dresden,Germany,6/15/1594,11/19/1665,Images\Sleeping Venus and Cupid.jpg
Giorgione,Sleeping Venus,1508,High Renaissance,108.50,175.00,42.72,68.90,oil paint,Gemäldegalerie Alte Meister,Dresden,Germany,1478,1510,Images\Sleeping Venus.jpg
Victor Pasmore,"Spiral Motif in Green, Violet, Blue and Gold - The Coast of the Inland Sea",1950,Abstract Artist,81.30,100.30,32.01,39.49,oil paint,Tate Britain,"London, England",United Kingdom,12/3/1903,1/23/1998,"Images\Spiral Motif in Green, Violet, Blue and Gold - The Coast of the Inland Sea.jpg"
Arnold Böcklin,Spring Awakening,1880,Symbolist,66.00,130.00,25.98,51.18,oil paint,,,,10/16/1827,1/16/1901,Images\Spring Awakening.jpg
Hans Memling,St. John Altarpiece,1479,Early Netherlandish,176.00,331.50,69.29,130.51,oil paint,"Memlingmuseum, Sint-Janshospitaal",Bruges,Belgium,1430,8/11/1494,Images\St. John Altarpiece.jpg
Emil Nolde,St. Mary of Egypt among Sinners,1912,Expressionist,86.00,100.00,33.86,39.37,oil paint,Kunsthalle (Museum of Art),Hamburg,Germany,8/7/1867,4/13/1956,Images\St. Mary of Egypt among Sinners.jpg
Francisco de Zurbarán,"Still Life with Lemons, Oranges and Rose",1633,Baroque,60.00,107.00,23.62,42.13,oil paint,Norton Simon Museum,"Pasadena, CA",USA,11/7/1598,8/27/1664,"Images\Still Life with Lemons, Oranges and Rose.jpg"
Caravaggio,Supper at Emmaus,1598,Baroque,141.00,196.20,55.51,77.24,oil paint,National Gallery,"London, England",United Kingdom,9/29/1571,7/18/1610,Images\Supper at Emmaus.jpg
Max Beckmann,The Actors,1942,Expressionist,199.39,292.10,78.50,115.00,oil paint,Fogg Museum,"Cambridge, MA",USA,2/12/1884,12/28/1950,Images\The Actors.jpg
Nicolas Poussin,The Adoration of the Golden Calf,1635,"Classicist, Baroque",154.00,214.00,60.63,84.25,oil paint,National Gallery,"London, England",United Kingdom,6/15/1594,11/19/1665,Images\The Adoration of the Golden Calf.jpg
Giovanni Bellini,The Agony in the Garden,1465,Italian Renaissance,81.00,127.00,31.89,50.00,tempera,National Gallery,"London, England",United Kingdom,c. 1430,1516,Images\The Agony in the Garden.jpg
Jan Vermeer,The Artist in His Studio,1670,"Dutch Golden Age, Baroque",130.00,110.00,51.18,43.31,oil paint,Kunthistorisches Museum,Vienna,Austria,10/31/1632,12/15/1675,Images\The Artist in His Studio.jpg
Franz von Lenbach,The Artist with his Wife and Children,1903,German Realist,,,0.00,0.00,,Lenbach House State Gallery,Munich,Germany,12/13/1836,5/6/1904,Images\The Artist with his Wife and Children.jpg
Hans Holbein the Younger,The Artist's Family,1528,Northern Renaissance,76.80,64.00,30.24,25.20,oil paint,Kunstmuseum Basel,Basel,Switzerland,1497,11/29/1543,Images\The Artist's Family.jpg
Piero della Francesca,The Baptism of Christ,1450,Italian Renaissance,168.00,116.00,66.14,45.67,tempera,National Gallery,"London, England",United Kingdom,1415,10/12/1492,Images\The Baptism of Christ.jpg
Paul Cézanne,The Bathers,1900,Post-Impressionist,210.50,250.80,82.87,98.74,oil paint,Philadelphia Museum of Art,"Philadelphia, PA",USA,1/19/1839,1022/1906,Images\The Bathers.jpg
Albrecht Altdorfer,The Battle of Alexander at Issus,1529,German Renaissance,158.40,120.30,62.36,47.36,oil paint,Alte Pinakothek,Munich,Germany,1480,1538,Images\The Battle of Alexander at Issus.jpg
Paolo Uccello,The Battle of San Romano,1456,Early Renaissance,182.00,957.00,71.65,376.77,egg tempera,"National Gallery, Galleria degli Uffizi, Louvre Museum","London, England; Florence; Paris","United Kingdom, Italy, France",1397,12/10/1475,Images\The Battle of San Romano.jpg
Sandro Botticelli,The Birth of Venus,1487,Italian Renaissance,172.50,278.50,67.91,109.65,tempera,Uffizi Gallery,Florence,Italy,1445,5/17/1510,Images\The Birth of Venus.jpg
Oskar Kokoschka,The Bride of the Wind,1914,Expressionist,181.00,220.00,71.26,86.61,oil paint,Kunstmuseum Basel,Basel,Switzerland,3/1/1886,2/22/1980,Images\The Bride of the Wind.jpg
El Greco,The Burial of the Count of Orgaz,1586,Mannerist,460.00,360.00,181.10,141.73,oil paint,Santo Tomé,Toledo,Spain,1541,4/7/1614,Images\The Burial of the Count of Orgaz.jpg
Salvador Dalí,The Burning Giraffe,1936,Surrealist,35.00,27.00,13.78,10.63,oil paint,Kunstmuseum Basel,Basel,Switzerland,5/11/1904,1/23/1989,Images\The Burning Giraffe.jpg
William Turner,The Burning of the Houses of Parliament,1835,Romantic,92.70,123.00,36.50,48.43,oil paint,Cleveland Museum of Art,"Cleveland, OH",USA,4/23/1775,12/19/1851,Images\The Burning of the Houses of Parliament.jpg
Fernand Khnopff,The Caress,1896,Symbolist,50.00,150.00,19.69,59.06,oil paint,Musée Royaux des Beaux-Arts,Brussels,Belgium,9/12/1858,11/12/1921,Images\The Caress.jpg
Peter Paul Rubens,The Château de Steen with Hunter,1637,Baroque,131.20,229.20,51.65,90.24,oil paint,National Gallery,"London, England",United Kingdom,6/28/1577,5/30/1640,Images\The Chateau de Steen with Hunter.jpg
Mary Cassatt,The Child's Bath,1891,Impressionist,100.30,66.10,39.49,26.02,oil paint,Art Institute of Chicago,"Chicago, IL",USA,5/22/1844,6/14/1926,Images\The Child's Bath.jpg
Andrea Mantegna,The Crucifixion,1459,Italian Renaissance,67.00,93.00,26.38,36.61,oil paint,Louvre Museum,Paris,France,1431,9/13/1506,Images\The Crucifixion.jpg
Wilhelm von Kaulbach,The Destruction of Jerusalem by Titus,1846,,585.00,705.00,230.32,277.56,oil paint,Neue Pinakothe,Munich,Germany,10/15/1805,4/7/1874,Images\The Destruction of Jerusalem by Titus.jpg
Georges de la Tour,The Dream of St. Joseph,1640,French Baroque,93.00,81.00,36.61,31.89,oil paint,Musée des Beaux-Arts de Nantes,Nantes,France,3/13/1593,1/30/1652,Images\The Dream of St. Joseph.jpg
René Magritte,The Empire of Light,1954,Surrealism,195.40,131.20,76.93,51.65,oil paint,Peggy Guggenheim Collection,Venice,Italy,11/21/1898,8/15/1967,Images\The Empire of Light.jpg
Johannes Itten,The Encounter,1916,Expressionist,,,0.00,0.00,,,,,11/11/1888,5/27/1967,Images\The Encounter.jpg
Umberto Boccioni,The Farewells,1911,Futurism,70.00,95.00,27.56,37.40,oil paint,Museo del Novecento,Milan,Italy,10/19/1882,8/17/1916,Images\The Farewells.jpg
Adolph von Menzel,The Flute Concert,1852,German Realist,142.00,205.00,55.91,80.71,oil paint,Alte Nationalgalerie,Berlin,Germany,12/8/1815,2/9/1905,Images\The Flute Concert.jpg
Georges de la Tour,The Fortune Teller,1621,French Baroque,101.90,123.50,40.12,48.62,oil paint,Metropolitan Museum of Art,"New York City, NY",USA,3/13/1593,1/30/1652,Images\The Fortune Teller.jpg
Winslow Homer,The Fox Hunt,1893,Realist,96.50,174.00,37.99,68.50,oil paint,Pennsylvania Academy of the Fine Arts,"Philadelphia, PA",USA,2/24/1836,9/29/1910,Images\The Fox Hunt.jpg
Hieronymus Bosch,The Garden of Earthly Delights,1500,Early Netherlandish Renaissance,220.00,389.00,86.61,153.15,oil paint,Museo del Prado,Madrid,Spain,1450,1516,Images\The Garden of Earthly Delights.jpg
Hans von Marées,The Golden Age I,1885,,145.00,190.00,57.09,74.80,oil paint,New Pinakothek,Munich,Germany,12/24/1837,6/5/1887,Images\The Golden Age I.jpg
Georg Baselitz,The Great Friends,1965,Neo-Expressionist,250.00,300.00,98.43,118.11,oil paint,Museum Ludwig,Cologne,Germany,1/23/1938,,Images\The Great Friends.jpg
George Stubbs,The Grosvenor Hunt,1762,Romantic,,,0.00,0.00,oil paint,Trustees of the Grosvenor Estate,"London, England",United Kingdom,8/25/1724,7/10/1806,Images\The Grosvenor Hunt.jpg
August Macke,The Hat Shop,1914,Expressionist,60.00,50.00,23.62,19.69,oil paint,Leopold Hoesch Museum,Duren,Germany,1/3/1887,9/26/1914,Images\The Hat Shop.jpg
Duccio di Buoninsegna,The Healing of the Blind Man,1310,"Sienese school, Gothic style",43.00,45.00,16.93,17.72,tempera,National Gallery,"London, England",United Kingdom,1260,1319,Images\The Healing of the Blind Man.jpg
William Holman Hunt,The Hireling Shepherd,1851,Pre-Raphaelite,76.40,109.50,30.08,43.11,oil paint,Manchester Art Gallery,"Manchester, England",United Kingdom,4/2/1827,9/7/1910,Images\The Hireling Shepherd.jpg
Philipp Otto Runge,The Hülsenbeck Children,1806,German Romantic,131.00,141.00,51.57,55.51,oil paint,Hamburger Kunsthalle,Hamburg,Germany,7/23/1777,12/2/1810,Images\The Hulsenbeck Children.jpg
Gustave Courbet,The Hunt Breakfast,1858,Realism,207.00,325.00,81.50,127.95,oil paint,Wallraf-Richartz Museum,Cologne,Germany,6/1819,12/31/1877,Images\The Hunt Breakfast.jpg
Pieter Bruegel the Elder,The Hunters in the Snow,1565,Dutch and Flemish Renaissance,117.00,162.00,46.06,63.78,oil paint,Kunsthistorisches Museum,Vienna,Austria,1525,9/9/1569,Images\The Hunters in the Snow.jpg
Rembrandt,The Jewish Bride,1666,"Dutch Golden Age, Baroque",121.50,166.50,47.83,65.55,oil paint,Rijksmuseum,Amsterdam,Netherlands,7/15/1606,10/4/1669,Images\The Jewish Bride.jpg
Jacob Izaaksoon van Ruisdael,The Large Forest,1660,,140.00,180.00,55.12,70.87,oil paint,Kunthistorisches Museum,Vienna,Austria,1628,3/4/1692,Images\The Large Forest.jpg
Jacques-Louis David,The Lictors Bring to Brutus the Bodies of His Sons,1789,Neoclassicist,323.00,422.00,127.17,166.14,oil paint,Louvre Museum,Paris,France,8/30/1748,12/29/1825,Images\The Lictors Bring to Brutus the Bodies of His Sons.jpg
Caravaggio,The Lute Player,1596,Baroque,100.00,126.50,39.37,49.80,oil paint,Wildenstein Collection,"New York City, NY",USA,9/29/1571,7/18/1610,Images\The Lute Player.jpg
Giulio Romano,The Madonna and Child with Saint John the Baptist,1524,Italian Renaissance,125.70,85.40,49.49,33.62,oil paint,Walters Art Museum,"Baltimore, MD",USA,1499,11/1/1546,Images\The Madonna and Child with Saint John the Baptist.jpg
Jan van Eyck,The Madonna of Chancellor Rolin,1434,,66.00,62.00,25.98,24.41,oil paint,Louvre Museum,Paris,France,1395,7/9/1441,Images\The Madonna of Chancellor Rolin.jpg
Eugène Delacroix,The Massacre at Chios,1824,Romantic,419.00,354.00,164.96,139.37,oil paint,Louvre Museum,Paris,France,4/26/1798,8/13/1863,Images\The Massacre at Chios.jpg
Richard Lindner,The Meeting,1953,Mechanistic Cubist,152.40,182.90,60.00,72.01,oil paint,Museum of Modern Art,"New York City, NY",USA,11/11/1901,4/16/1978,Images\The Meeting.jpg
Giotto,The Mourning of Christ,1306,Late Gothic,200.00,185.00,78.74,72.83,fresco,Scrovegni Chapel,Padua,Italy,1267,1/8/1337,Images\The Mourning of Christ.jpg
Francisco Goya,The Naked Maja,1800,Romantic,97.00,190.00,38.19,74.80,oil paint,Museo del Prado,Madrid,Spain,3/30/1746,4/16/18828,Images\The Naked Maja.jpg
Caspar David Friedrich,The Polar Sea,1824,German Romantic,126.90,96.70,49.96,38.07,oil piant,Hamburger Kunsthalle,Hamburg,Germany,9/5/1774,5/7/1840,Images\The Polar Sea.jpg
Carl Spitzweg,The Poor Poet,1839,German Romantic,36.20,44.60,14.25,17.56,oil paint,Neue Pinakothe,Munich,Germany,2/5/1808,9/23/1885,Images\The Poor Poet.jpg
Benozzo Gozzoli,The Procession of the Magi,1460,Italian Renaissance,,,0.00,0.00,fresco,Medici Riccardi Palace,Florence,Italy,1421,1497,Images\The Procession of the Magi.jpg
Théodore Géricault,The Raft of the Medusa,1819,Romantic,491.00,716.00,193.31,281.89,oil paint,Louvre Museum,Paris,France,11/26/1791,1/26/1824,Images\The Raft of the Medusa.jpg
Bartolomé Esteban Murillo,The Rest on the Flight into Egypt,1665,Baroque,136.21,179.39,53.63,70.63,oil paint,Hermitage Museum,St. Petersburg,Russia,12/31/1617,4/3/1682,Images\The Rest on the Flight into Egypt.jpg
Stanley Spencer,The Resurrection,1927,,274.30,548.60,107.99,215.98,oil paint,Tate Britain,"London, England",United Kingdom,6/30/1891,12/14/1959,Images\The Resurrection.jpg
Edvard Munch,The Scream,1893,Expressionist,91.00,73.50,35.83,28.94,"oil paint, tempera, pastel",National Gallery,Oslo,Norway,12/12/1863,1/23/1944,Images\The Scream.jpg
Wilhelm von Kobell,The Siege of Cosel,1808,,202.00,305.00,79.53,120.08,oil paint,Neue Pinakothe,Munich,Germany,4/6/1766,7/15/1853,Images\The Siege of Cosel.jpg
Henry Raeburn,The Skating Minister,1784,,30.00,25.00,11.81,9.84,oil paint,National Gallery of Scotland,Edinburgh,Scotland,3/4/1756,7/8/1823,Images\The Skating Minister.jpg
Francisco Goya,The Sleep of Reason Produces Monsters,1799,Romantic,21.80,15.20,8.58,5.98,"aquatint, etching",Private Collection,,,3/30/1746,4/16/18828,Images\The Sleep of Reason Produces Monsters.jpg
Lorenzo Lotto,"The Sleeping Child Jesus with the Madonna, St. Joseph and St. Catherine of Alexandria ",1533,High Renaissance,115.00,81.50,45.28,32.09,oil paint,Galleria dell'Accademia Carrara,Bergamo,Italy,1480,1557,"Images\The Sleeping Child Jesus with the Madonna, St. Joseph and St. Catherine of Alexandria.jpg"
Henri Rousseau,The Sleeping Gypsy,1897,Post-Impressionist,129.50,200.70,50.98,79.02,oil paint,Museum of Modern Art,"New York City, NY",USA,5/21/1844,9/2/1910,Images\The Sleeping Gypsy.jpg
William McTaggart,The Storm,1890,Scottish landscape painter,122.00,183.00,48.03,72.05,oil paint,National Gallery of Scotland,Edinburgh,Scotland,10/25/1835,4/2/1910,Images\The Storm.jpg
Diego Velázquez,The Surrender of Breda,1634,Baroque,307.00,367.00,120.87,144.49,oil paint,Museo del Prado,Madrid,Spain,6/6/1599,8/6/1660,Images\The Surrender of Breda.jpg
Mikhail Nesterov,The Taking of the Veil,1898,Russian Symbolist,195.00,178.00,76.77,70.08,oil paint,State Russian Museum,St. Petersburg,Russia,5/31/1862,10/18/1942,Images\The Taking of the Veil.jpg
Masaccio,The Tribute Money,1425,Early Renaissance,247.00,597.00,97.24,235.04,fresco,Brancacci Chapel,Florence,Italy,12/21/1401,1428,Images\The Tribute Money.jpg
Pieter Bruegel the Elder,The Triumph of Death,1562,Dutch and Flemish Renaissance,117.00,162.00,46.06,63.78,oil paint,Museo del Prado,Madrid,Spain,1525,9/9/1569,Images\The Triumph of Death.jpg
Jean Auguste Dominique Ingres,The Turkish Bath,1862,Neoclassicist,108.00,108.00,42.52,42.52,oil paint,Louvre Museum,Paris,France,8/29/1780,1/14/1867,Images\The Turkish Bath.jpg
Leonardo da Vinci,The Virgin and Child with Saint Anne,1510,High Renaissance,168.00,112.00,66.14,44.09,oil paint,Louvre Museum,Paris,France,4/15/1452,5/2/1519,Images\The Virgin and Child with Saint Anne.jpg
Konrad Klapheck,The War,1965,"Realist, Surrealist, Pop Artist",,,0.00,0.00,oil paint,Kunstsammlung Nordrhein-Westfalen,Düsseldorf,Germany,2/10/1935,,Images\The War.jpg
Paolo Veronese,The Wedding at Cana,1563,Renaissance,666.00,990.00,262.20,389.76,oil paint,Louvre Museum,Paris,France,1528,1588,Images\The Wedding at Cana.jpg
Jean Siméon Chardin,The Young Schoolmistress,1736,,66.00,61.00,25.98,24.02,,National Gallery,"London, England",United Kingdom,11/2/1699,12/6/1779,Images\The Young Schoolmistress.jpg
Francis Bacon,Three Studies for Figures at the Base of a Crucifixion,1944,British Expressionist,94.00,222.00,37.01,87.40,oil paint and pastel,Tate Britain,"London, England",United Kingdom,10/28/1909,4/28/1992,Images\Three Studies for Figures at the Base of a Crucifixion.jpg
Wilhelm Leibl,Three Women in Church,1882,German Realist,113.00,77.00,44.49,30.31,oil paint,Kunsthalle (Museum of Art),Hamburg,Germany,10/23/1844,12/4/1900,Images\Three Women in Church.jpg
Franz Marc,Tiger,1912,Cubism,111.00,111.50,43.70,43.90,oil paint,Lenbach House State Gallery,Munich,Germany,2/8/1880,3/4/1916,Images\Tiger.jpg
Henry Fuseli,Titania Caressing the Ass-Headed Bottom,1793,Romantic,169.00,135.00,66.54,53.15,oil paint,Kunsthaus Zürich,Zürich,Switzerland,2/7/1741,4/16/1825,Images\Titania Caressing the Ass-Headed Bottom.jpg
Reginald Marsh,Twenty Cent Movie,1936,Social Realism,76.20,101.60,30.00,40.00,egg tempera,Whitney Museum of American Art,"New York City, NY",USA,3/14/1898,7/3/1954,Images\Twenty Cent Movie.jpg
Paul Klee,Twittering Machine,1922,"Expressionist, Bauhaus, Surrealist",63.80,48.10,25.12,18.94,"watercolor, pen and ink",Museum of Modern Art,"New York City, NY",USA,12/18/1879,6/29/1940,Images\Twittering Machine.jpg
George Grosz,Untitled,1920,"Dada, New Objectivity",81.00,60.00,31.89,23.62,oil paint,Kunstsammlung Nordrhein-Westfalen,Dusseldorf,Germany,7/26/1893,7/6/1959,Images\Untitled.jpg
Francis Picabia,Very Rare Picture on the Earth,1915,"Dada, Surrealist",125.70,97.80,49.49,38.50,oil and metallic paint,Peggy Guggenheim Collection,Venice,Italy,1/22/1879,11/30/1953,Images\Very Rare Picture on the Earth.jpg
Jan Vermeer,View of Delft,1660,"Dutch Golden Age, Baroque",98.50,117.50,38.78,46.26,oil paint,Mauritshuis,The Hague,Netherlands,10/31/1632,12/15/1675,Images\View of Delft.jpg
El Greco,View of Toledo,1610,Mannerist,121.30,108.60,47.76,42.76,oil paint,Metropolitan Museum of Art,"New York City, NY",USA,1541,4/7/1614,Images\View of Toledo.jpg
Gabriele Münter,Village Street in Winter,1911,German Expressionist,,,0.00,0.00,,,,,2/19/1877,5/19/1962,Images\Village Street in Winter.jpg
Georges Braque,Violin and Candlestick,1910,Analytic Cubist,60.96,50.17,24.00,19.75,oil paint,San Francisco Museum of Modern Art,"San Francisco, CA",USA,5/13/1882,8/31/1963,Images\Violin and Candlestick.jpg
Giovanni Battista Tiepolo,Virtue and Nobility Putting Ignorance to Flight,1745,Baroque,64.00,35.00,25.20,13.78,oil paint,Villa Coredellina,"Montecchio Maggiore, Vincenza, Veneto",Italy,3/5/1696,3/27/1770,Images\Virtue and Nobility Putting Ignorance to Flight.jpg
Tawaraya S?tatsu,Waves of Matsushima,1630,Rimpa school,166.00,369.90,65.35,145.63,"ink, color, gold and silver",Freer Gallery of Art,"Washington, D.C.",USA,,,Images\Waves of Matsushima.jpg
Honoré Daumier,We Want Barabbas (Ecce Homo),1852,Realist,163.00,130.00,64.17,51.18,oil paint,Museum Folkwant,Essen,Germany,2/26/1808,2/10/1879,Images\We Want Barabbas (Ecce Homo).jpg
David Wilkie,"William Chalmers Bethune, his wife Isabella Morison and their Daughter Isabella",1804,Romantic,74.00,61.00,29.13,24.02,oil paint,National Gallery of Scotland,Edinburgh,Scotland,11/18/1785,6/1/1841,"Images\William Chalmers Bethune, his wife Isabella Morison and their Daughter Isabella.jpg"
Hendrick Avercamp,Winter Scene on a Canal,1630,Flemish,29.40,46.40,11.57,18.27,oil paint,Toledo Museum of Art,"Toledo, OH",USA,1585,1634,Images\Winter Scene on a Canal.jpg
Fernand Léger,Woman in Blue,1912,Cubism,193.00,129.90,75.98,51.14,oil paint,Kunstmuseum Basel,Basel,Switzerland,2/4/1881,8/17/1955,Images\Woman in Blue.jpg
Edgar Degas,Woman in the Bath,1886,Impressionist,70.00,70.00,27.56,27.56,pastel,Hill-Stead Museum,"Farmington, CT",USA,7/19/1834,9/27/1917,Images\Woman in the Bath.jpg
Claude Monet,Women in the Garden,1867,Impressionist,255.00,205.00,100.39,80.71,oil paint,Musée d'Orsay,Paris,France,11/14/1840,12/5/1926,Images\Women in the Garden.jpg
Ferdinand Hodler,Youth Amired by Women,1903,Symbolist,,,0.00,0.00,,Kunsthaus Zürich,Zürich,Switzerland,3/14/1853,5/19/1918,Images\Youth Admired by Women.jpg

